agent_id,agent_type,o_node_id,d_node_id,o_zone_id,d_zone_id,travel_time,node_sequence,time_sequence
2,v,1,2,1,2,0.6,1;2,0001:00;0001:36
3,v,1,3,1,3,2.0681011572849854,1;3,0001:00;0003:04
4,v,1,4,1,4,41.2685697527963,1;3;4,0001:00;0003:06;0042:16
5,v,1,5,1,5,41.98599935506008,1;3;4;5,0001:00;0003:06;0042:17;0042:59
6,v,1,6,1,6,877.2853960105703,1;3;4;5;6,0001:00;0003:06;0042:17;0043:00;1438:17
7,v,1,7,1,7,908.3714591122642,1;3;4;5;6;8;7,0001:00;0003:06;0042:17;0043:00;1438:17;1507:42;1509:22
8,v,1,8,1,8,906.6591380369886,1;3;4;5;6;8,0001:00;0003:06;0042:17;0043:00;1438:17;1507:39
9,v,1,9,1,9,159.30742424627576,1;3;12;11;10;9,0001:00;0003:06;0027:30;0041:47;0239:00;0240:18
10,v,1,10,1,10,157.98860000000002,1;3;12;11;10,0001:00;0003:06;0027:30;0041:47;0238:59
11,v,1,11,1,11,40.71642658147016,1;3;12;11,0001:00;0003:06;0027:30;0041:42
12,v,1,12,1,12,26.489150889253345,1;3;12,0001:00;0003:06;0027:29
13,v,1,13,1,13,341.72803118193735,1;3;12;13,0001:00;0003:06;0027:30;0542:43
16,v,1,16,1,16,909.3108302591311,1;3;4;5;6;8;7;18;16,0001:00;0003:06;0042:17;0043:00;1438:17;1507:42;1509:23;1509:47;1510:18
18,v,1,18,1,18,908.8847033537473,1;3;4;5;6;8;7;18,0001:00;0003:06;0042:17;0043:00;1438:23;1507:47;1509:30;1509:53
25,v,2,1,2,1,0.602881200285276,2;1,0001:00;0001:36
27,v,2,3,2,3,2.7681011572849856,2;1;3,0001:00;0001:42;0003:46
28,v,2,4,2,4,41.9685697527963,2;1;3;4,0001:00;0001:42;0003:47;0042:58
29,v,2,5,2,5,42.685999355060076,2;1;3;4;5,0001:00;0001:42;0003:47;0043:00;0043:41
30,v,2,6,2,6,877.9853960105703,2;1;3;4;5;6,0001:00;0001:42;0003:47;0043:00;0043:42;1438:59
31,v,2,7,2,7,909.0714591122643,2;1;3;4;5;6;8;7,0001:00;0001:42;0003:47;0043:00;0043:42;1439:00;1508:23;1510:04
32,v,2,8,2,8,907.3591380369886,2;1;3;4;5;6;8,0001:00;0001:42;0003:47;0043:00;0043:42;1439:00;1508:21
33,v,2,9,2,9,160.00742424627575,2;1;3;12;11;10;9,0001:00;0001:42;0003:47;0028:11;0042:30;0239:41;0241:00
34,v,2,10,2,10,158.6886,2;1;3;12;11;10,0001:00;0001:42;0003:47;0028:11;0042:30;0239:41
35,v,2,11,2,11,41.41642658147016,2;1;3;12;11,0001:00;0001:42;0003:47;0028:11;0042:24
36,v,2,12,2,12,27.189150889253348,2;1;3;12,0001:00;0001:42;0003:47;0028:11
37,v,2,13,2,13,342.42803118193734,2;1;3;12;13,0001:00;0001:42;0003:47;0028:11;0543:25
40,v,2,16,2,16,910.010830259131,2;1;3;4;5;6;8;7;18;16,0001:00;0001:42;0003:47;0043:00;0043:42;1439:00;1508:23;1510:06;1510:30;1511:00
42,v,2,18,2,18,909.5847033537473,2;1;3;4;5;6;8;7;18,0001:00;0001:42;0003:47;0043:00;0043:42;1439:06;1508:30;1510:12;1510:35
49,v,3,1,3,1,0.5874039413740647,3;1,0001:00;0001:35
50,v,3,2,3,2,1.2,3;1;2,0001:00;0001:36;0002:12
52,v,3,4,3,4,39.1685697527963,3;4,0001:00;0040:10
53,v,3,5,3,5,39.88599935506008,3;4;5,0001:00;0040:12;0040:53
54,v,3,6,3,6,875.1853960105703,3;4;5;6,0001:00;0040:12;0040:53;1436:11
55,v,3,7,3,7,906.2714591122642,3;4;5;6;8;7,0001:00;0040:12;0040:53;1436:12;1505:36;1507:16
56,v,3,8,3,8,904.5591380369885,3;4;5;6;8,0001:00;0040:12;0040:53;1436:12;1505:33
57,v,3,9,3,9,157.20742424627576,3;12;11;10;9,0001:00;0025:23;0039:42;0236:54;0238:12
58,v,3,10,3,10,155.88860000000003,3;12;11;10,0001:00;0025:23;0039:42;0236:53
59,v,3,11,3,11,38.61642658147016,3;12;11,0001:00;0025:23;0039:36
60,v,3,12,3,12,24.389150889253347,3;12,0001:00;0025:23
61,v,3,13,3,13,339.62803118193733,3;12;13,0001:00;0025:23;0540:37
64,v,3,16,3,16,907.2108302591311,3;4;5;6;8;7;18;16,0001:00;0040:12;0040:53;1436:12;1505:36;1507:17;1507:42;1508:12
66,v,3,18,3,18,906.7847033537473,3;4;5;6;8;7;18,0001:00;0040:12;0040:53;1436:17;1505:42;1507:23;1507:47
73,v,4,1,4,1,2.4874039413740645,4;3;1,0001:00;0002:53;0003:29
74,v,4,2,4,2,3.1,4;3;1;2,0001:00;0002:53;0003:30;0004:05
75,v,4,3,4,3,1.8880430504723988,4;3,0001:00;0002:53
77,v,4,5,4,5,0.6859993550600784,4;5,0001:00;0001:41
78,v,4,6,4,6,835.9853960105703,4;5;6,0001:00;0001:42;1356:59
79,v,4,7,4,7,867.0714591122643,4;5;6;8;7,0001:00;0001:42;1357:00;1426:23;1428:04
80,v,4,8,4,8,865.3591380369886,4;5;6;8,0001:00;0001:42;1357:00;1426:21
81,v,4,9,4,9,159.10742424627577,4;3;12;11;10;9,0001:00;0002:53;0027:18;0041:36;0238:48;0240:06
82,v,4,10,4,10,157.7886,4;3;12;11;10,0001:00;0002:53;0027:18;0041:36;0238:47
83,v,4,11,4,11,40.51642658147016,4;3;12;11,0001:00;0002:53;0027:18;0041:30
84,v,4,12,4,12,26.289150889253346,4;3;12,0001:00;0002:53;0027:17
85,v,4,13,4,13,341.5280311819373,4;3;12;13,0001:00;0002:53;0027:18;0542:31
88,v,4,16,4,16,868.010830259131,4;5;6;8;7;18;16,0001:00;0001:42;1357:00;1426:23;1428:06;1428:30;1429:00
89,v,4,17,4,17,988.7510512892778,4;5;6;8;7;18;16;17,0001:00;0001:42;1357:06;1426:30;1428:12;1428:36;1429:12;1629:45
90,v,4,18,4,18,867.5847033537473,4;5;6;8;7;18,0001:00;0001:42;1357:06;1426:30;1428:12;1428:35
97,v,5,1,5,1,2.7874039413740648,5;4;3;1,0001:00;0001:18;0003:12;0003:47
98,v,5,2,5,2,3.4,5;4;3;1;2,0001:00;0001:18;0003:12;0003:47;0004:24
99,v,5,3,5,3,2.188043050472399,5;4;3,0001:00;0001:18;0003:11
100,v,5,4,5,4,0.2003749995023611,5;4,0001:00;0001:12
102,v,5,6,5,6,835.2853960105703,5;6,0001:00;1356:17
103,v,5,7,5,7,866.3714591122642,5;6;8;7,0001:00;1356:17;1425:42;1427:22
104,v,5,8,5,8,864.6591380369886,5;6;8,0001:00;1356:17;1425:39
105,v,5,9,5,9,159.40742424627575,5;4;3;12;11;10;9,0001:00;0001:18;0003:12;0027:36;0041:53;0239:05;0240:24
106,v,5,10,5,10,158.0886,5;4;3;12;11;10,0001:00;0001:18;0003:12;0027:36;0041:53;0239:05
107,v,5,11,5,11,40.81642658147016,5;4;3;12;11,0001:00;0001:18;0003:12;0027:36;0041:48
108,v,5,12,5,12,26.589150889253347,5;4;3;12,0001:00;0001:18;0003:12;0027:35
109,v,5,13,5,13,341.8280311819373,5;4;3;12;13,0001:00;0001:18;0003:12;0027:36;0542:49
112,v,5,16,5,16,867.3108302591311,5;6;8;7;18;16,0001:00;1356:17;1425:42;1427:23;1427:47;1428:18
113,v,5,17,5,17,988.0510512892778,5;6;8;7;18;16;17,0001:00;1356:23;1425:47;1427:30;1427:53;1428:30;1629:03
114,v,5,18,5,18,866.8847033537473,5;6;8;7;18,0001:00;1356:23;1425:47;1427:30;1427:53
121,v,6,1,6,1,4.187403941374065,6;5;4;3;1,0001:00;0002:23;0002:42;0004:35;0005:11
122,v,6,2,6,2,4.8,6;5;4;3;1;2,0001:00;0002:23;0002:42;0004:35;0005:12;0005:47
123,v,6,3,6,3,3.588043050472399,6;5;4;3,0001:00;0002:23;0002:42;0004:35
124,v,6,4,6,4,1.600374999502361,6;5;4,0001:00;0002:23;0002:36
125,v,6,5,6,5,1.3613568783145944,6;5,0001:00;0002:21
127,v,6,7,6,7,31.071459112264172,6;8;7,0001:00;0030:23;0032:04
128,v,6,8,6,8,29.35913803698865,6;8,0001:00;0030:21
129,v,6,9,6,9,160.90742424627575,6;5;4;3;12;11;10;9,0001:00;0002:30;0002:47;0004:42;0029:06;0043:23;0240:35;0241:54
130,v,6,10,6,10,159.5886,6;5;4;3;12;11;10,0001:00;0002:30;0002:47;0004:42;0029:06;0043:23;0240:35
131,v,6,11,6,11,42.31642658147016,6;5;4;3;12;11,0001:00;0002:30;0002:47;0004:42;0029:06;0043:18
132,v,6,12,6,12,28.189150889253348,6;5;4;3;12,0001:00;0002:36;0002:53;0004:47;0029:11
133,v,6,13,6,13,343.42803118193734,6;5;4;3;12;13,0001:00;0002:36;0002:53;0004:47;0029:11;0544:25
134,v,6,14,6,14,683.3203510265123,6;8;7;18;16;17;19;15;14,0001:00;0030:23;0032:06;0032:30;0033:06;0233:41;0259:54;0302:48;1124:19
135,v,6,15,6,15,181.75865277994106,6;8;7;18;16;17;19;15,0001:00;0030:23;0032:06;0032:30;0033:06;0233:41;0259:54;0302:45
136,v,6,16,6,16,32.11083025913094,6;8;7;18;16,0001:00;0030:30;0032:12;0032:36;0033:06
137,v,6,17,6,17,152.75105128927765,6;8;7;18;16;17,0001:00;0030:30;0032:12;0032:36;0033:12;0233:45
138,v,6,18,6,18,31.584703353747308,6;8;7;18,0001:00;0030:30;0032:12;0032:35
139,v,6,19,6,19,178.9545065922106,6;8;7;18;16;17;19,0001:00;0030:30;0032:12;0032:36;0033:12;0233:48;0259:57
145,v,7,1,7,1,52.88740394137406,7;8;6;5;4;3;1,0001:00;0020:18;0049:42;0051:06;0051:23;0053:17;0053:53
146,v,7,2,7,2,53.5,7;8;6;5;4;3;1;2,0001:00;0020:18;0049:42;0051:06;0051:23;0053:17;0053:53;0054:30
147,v,7,3,7,3,52.2880430504724,7;8;6;5;4;3,0001:00;0020:18;0049:42;0051:06;0051:23;0053:17
148,v,7,4,7,4,50.300374999502374,7;8;6;5;4,0001:00;0020:18;0049:42;0051:06;0051:18
149,v,7,5,7,5,50.16135687831459,7;8;6;5,0001:00;0020:18;0049:47;0051:09
150,v,7,6,7,6,48.65913803698865,7;8;6,0001:00;0020:18;0049:39
152,v,7,8,7,8,19.272553157038324,7;8,0001:00;0020:16
153,v,7,9,7,9,162.60742424627577,7;18;16;17;19;15;10;9,0001:00;0001:23;0002:00;0202:35;0228:48;0231:41;0242:18;0243:36
154,v,7,10,7,10,161.25743176329203,7;18;16;17;19;15;10,0001:00;0001:23;0002:00;0202:35;0228:48;0231:41;0242:15
155,v,7,11,7,11,91.01642658147016,7;8;6;5;4;3;12;11,0001:00;0020:23;0049:47;0051:12;0051:30;0053:23;0117:47;0132:00
156,v,7,12,7,12,76.78915088925335,7;8;6;5;4;3;12,0001:00;0020:23;0049:47;0051:12;0051:30;0053:23;0117:47
157,v,7,13,7,13,392.12803118193733,7;8;6;5;4;3;12;13,0001:00;0020:23;0049:53;0051:17;0051:36;0053:30;0117:54;0633:07
158,v,7,14,7,14,652.2203510265123,7;18;16;17;19;15;14,0001:00;0001:23;0002:00;0202:35;0228:48;0231:41;1053:13
159,v,7,15,7,15,150.65865277994104,7;18;16;17;19;15,0001:00;0001:23;0002:00;0202:35;0228:48;0231:39
160,v,7,16,7,16,0.9108302591309438,7;18;16,0001:00;0001:23;0001:54
161,v,7,17,7,17,121.55105128927765,7;18;16;17,0001:00;0001:23;0002:00;0202:33
162,v,7,18,7,18,0.3847033537473081,7;18,0001:00;0001:23
163,v,7,19,7,19,147.8545065922106,7;18;16;17;19,0001:00;0001:23;0002:00;0202:42;0228:51
169,v,8,1,8,1,33.58740394137406,8;6;5;4;3;1,0001:00;0030:23;0031:48;0032:06;0034:00;0034:35
170,v,8,2,8,2,34.2,8;6;5;4;3;1;2,0001:00;0030:23;0031:48;0032:06;0034:00;0034:36;0035:12
171,v,8,3,8,3,32.9880430504724,8;6;5;4;3,0001:00;0030:23;0031:48;0032:06;0033:59
172,v,8,4,8,4,31.000374999502363,8;6;5;4,0001:00;0030:23;0031:48;0032:00
173,v,8,5,8,5,30.861356878314595,8;6;5,0001:00;0030:30;0031:51
174,v,8,6,8,6,29.35913803698865,8;6,0001:00;0030:21
175,v,8,7,8,7,1.6714591122641729,8;7,0001:00;0002:40
177,v,8,9,8,9,164.30742424627576,8;7;18;16;17;19;15;10;9,0001:00;0002:42;0003:06;0003:42;0204:17;0230:30;0233:24;0244:00;0245:18
178,v,8,10,8,10,162.95743176329202,8;7;18;16;17;19;15;10,0001:00;0002:42;0003:06;0003:42;0204:17;0230:30;0233:24;0243:57
179,v,8,11,8,11,71.71642658147016,8;6;5;4;3;12;11,0001:00;0030:30;0031:53;0032:12;0034:06;0058:30;0112:42
180,v,8,12,8,12,57.489150889253345,8;6;5;4;3;12,0001:00;0030:30;0031:53;0032:12;0034:06;0058:29
181,v,8,13,8,13,372.8280311819373,8;6;5;4;3;12;13,0001:00;0030:36;0032:00;0032:17;0034:12;0058:36;0613:49
182,v,8,14,8,14,653.9203510265123,8;7;18;16;17;19;15;14,0001:00;0002:42;0003:06;0003:42;0204:17;0230:30;0233:24;1054:55
183,v,8,15,8,15,152.35865277994105,8;7;18;16;17;19;15,0001:00;0002:42;0003:06;0003:42;0204:17;0230:30;0233:21
184,v,8,16,8,16,2.610830259130944,8;7;18;16,0001:00;0002:42;0003:06;0003:36
185,v,8,17,8,17,123.25105128927765,8;7;18;16;17,0001:00;0002:42;0003:06;0003:42;0204:15
186,v,8,18,8,18,2.184703353747308,8;7;18,0001:00;0002:47;0003:11
187,v,8,19,8,19,149.5545065922106,8;7;18;16;17;19,0001:00;0002:47;0003:12;0003:47;0204:24;0230:33
193,v,9,1,9,1,10.587403941374065,9;5;4;3;1,0001:00;0008:48;0009:05;0011:00;0011:35
194,v,9,2,9,2,11.2,9;5;4;3;1;2,0001:00;0008:48;0009:05;0011:00;0011:35;0012:11
195,v,9,3,9,3,9.988043050472397,9;5;4;3,0001:00;0008:48;0009:05;0010:59
196,v,9,4,9,4,8.00037499950236,9;5;4,0001:00;0008:48;0009:00
197,v,9,5,9,5,7.7930375000000005,9;5,0001:00;0008:47
198,v,9,6,9,6,843.0853960105703,9;5;6,0001:00;0008:48;1404:05
199,v,9,7,9,7,874.1714591122642,9;5;6;8;7,0001:00;0008:48;1404:06;1433:30;1435:10
200,v,9,8,9,8,872.4591380369886,9;5;6;8,0001:00;0008:48;1404:06;1433:27
202,v,9,10,9,10,1.3074242462757524,9;10,0001:00;0002:18
203,v,9,11,9,11,48.61642658147016,9;5;4;3;12;11,0001:00;0008:48;0009:05;0011:00;0035:23;0049:36
204,v,9,12,9,12,34.389150889253344,9;5;4;3;12,0001:00;0008:48;0009:05;0011:00;0035:23
205,v,9,13,9,13,349.72803118193735,9;5;4;3;12;13,0001:00;0008:54;0009:11;0011:05;0035:30;0550:43
207,v,9,15,9,15,847.6505125447318,9;10;15,0001:00;0002:23;1408:39
208,v,9,16,9,16,875.2108302591311,9;5;6;8;7;18;16,0001:00;0008:54;1404:12;1433:36;1435:17;1435:42;1436:12
209,v,9,17,9,17,902.2308665904987,9;10;15;19;17,0001:00;0002:23;1408:42;1451:23;1503:13
210,v,9,18,9,18,874.6847033537473,9;5;6;8;7;18,0001:00;0008:54;1404:12;1433:36;1435:17;1435:41
211,v,9,19,9,19,890.3244982619719,9;10;15;19,0001:00;0002:23;1408:42;1451:19
217,v,10,1,10,1,11.987403941374062,10;9;5;4;3;1,0001:00;0002:23;0010:11;0010:30;0012:24;0012:59
218,v,10,2,10,2,12.6,10;9;5;4;3;1;2,0001:00;0002:23;0010:11;0010:30;0012:24;0013:00;0013:35
219,v,10,3,10,3,11.388043050472398,10;9;5;4;3,0001:00;0002:23;0010:11;0010:30;0012:23
220,v,10,4,10,4,9.400374999502361,10;9;5;4,0001:00;0002:23;0010:11;0010:24
221,v,10,5,10,5,9.1930375,10;9;5,0001:00;0002:23;0010:11
222,v,10,6,10,6,844.4853960105703,10;9;5;6,0001:00;0002:23;0010:11;1405:29
223,v,10,7,10,7,875.5714591122643,10;9;5;6;8;7,0001:00;0002:23;0010:11;1405:30;1434:53;1436:34
224,v,10,8,10,8,873.8591380369886,10;9;5;6;8,0001:00;0002:23;0010:11;1405:30;1434:51
225,v,10,9,10,9,1.3074242462757524,10;9,0001:00;0002:18
227,v,10,11,10,11,50.01642658147016,10;9;5;4;3;12;11,0001:00;0002:23;0010:11;0010:30;0012:24;0036:47;0051:00
228,v,10,12,10,12,35.78915088925335,10;9;5;4;3;12,0001:00;0002:23;0010:11;0010:30;0012:24;0036:47
229,v,10,13,10,13,351.12803118193733,10;9;5;4;3;12;13,0001:00;0002:23;0010:18;0010:35;0012:30;0036:53;0552:07
231,v,10,15,10,15,846.2505125447318,10;15,0001:00;1407:15
232,v,10,16,10,16,876.610830259131,10;9;5;6;8;7;18;16,0001:00;0002:23;0010:18;1405:36;1435:00;1436:42;1437:06;1437:36
233,v,10,17,10,17,900.8308665904988,10;15;19;17,0001:00;1407:17;1450:00;1501:49
234,v,10,18,10,18,876.0847033537473,10;9;5;6;8;7;18,0001:00;0002:30;0010:18;1405:36;1435:00;1436:42;1437:05
235,v,10,19,10,19,888.9244982619718,10;15;19,0001:00;1407:17;1449:55
241,v,11,1,11,1,129.18740394137407,11;10;9;5;4;3;1,0001:00;0158:12;0159:35;0207:24;0207:42;0209:35;0210:11
242,v,11,2,11,2,129.8,11;10;9;5;4;3;1;2,0001:00;0158:12;0159:35;0207:24;0207:42;0209:35;0210:11;0210:48
243,v,11,3,11,3,128.5880430504724,11;10;9;5;4;3,0001:00;0158:12;0159:35;0207:24;0207:42;0209:35
244,v,11,4,11,4,126.60037499950235,11;10;9;5;4,0001:00;0158:12;0159:35;0207:24;0207:36
245,v,11,5,11,5,126.39303749999999,11;10;9;5,0001:00;0158:12;0159:35;0207:23
246,v,11,6,11,6,961.6853960105703,11;10;9;5;6,0001:00;0158:12;0159:35;0207:24;1602:41
247,v,11,7,11,7,992.7714591122642,11;10;9;5;6;8;7,0001:00;0158:12;0159:35;0207:24;1602:42;1632:06;1633:46
248,v,11,8,11,8,991.0591380369885,11;10;9;5;6;8,0001:00;0158:12;0159:35;0207:24;1602:42;1632:03
249,v,11,9,11,9,118.50742424627575,11;10;9,0001:00;0158:12;0159:30
250,v,11,10,11,10,117.18860000000001,11;10,0001:00;0158:11
252,v,11,12,11,12,153.08915088925335,11;10;9;5;4;3;12,0001:00;0158:17;0159:42;0207:30;0207:47;0209:41;0234:05
253,v,11,13,11,13,468.3280311819373,11;10;9;5;4;3;12;13,0001:00;0158:17;0159:42;0207:30;0207:47;0209:41;0234:05;0749:19
255,v,11,15,11,15,963.5505125447319,11;10;15,0001:00;0158:17;1604:33
256,v,11,16,11,16,993.8108302591311,11;10;9;5;6;8;7;18;16,0001:00;0158:17;0159:42;0207:30;1602:47;1632:12;1633:53;1634:17;1634:48
258,v,11,18,11,18,993.2847033537473,11;10;9;5;6;8;7;18,0001:00;0158:17;0159:42;0207:30;1602:47;1632:12;1633:53;1634:17
265,v,12,1,12,1,4.287403941374064,12;3;1,0001:00;0004:42;0005:17
266,v,12,2,12,2,4.9,12;3;1;2,0001:00;0004:42;0005:17;0005:54
267,v,12,3,12,3,3.6804849698493256,12;3,0001:00;0004:40
268,v,12,4,12,4,42.8685697527963,12;3;4,0001:00;0004:42;0043:52
269,v,12,5,12,5,43.585999355060075,12;3;4;5,0001:00;0004:42;0043:53;0044:35
270,v,12,6,12,6,878.8853960105703,12;3;4;5;6,0001:00;0004:42;0043:53;0044:36;1439:53
271,v,12,7,12,7,909.9714591122643,12;3;4;5;6;8;7,0001:00;0004:42;0043:53;0044:36;1439:53;1509:17;1510:58
272,v,12,8,12,8,908.2591380369886,12;3;4;5;6;8,0001:00;0004:42;0043:53;0044:36;1439:53;1509:15
273,v,12,9,12,9,132.80742424627573,12;11;10;9,0001:00;0015:18;0212:30;0213:48
274,v,12,10,12,10,131.48860000000002,12;11;10,0001:00;0015:18;0212:29
275,v,12,11,12,11,14.216426581470163,12;11,0001:00;0015:12
277,v,12,13,12,13,315.22803118193735,12;13,0001:00;0516:13
279,v,12,15,12,15,977.7505125447318,12;11;10;15,0001:00;0015:18;0212:30;1618:45
280,v,12,16,12,16,910.910830259131,12;3;4;5;6;8;7;18;16,0001:00;0004:42;0043:53;0044:36;1439:53;1509:17;1511:00;1511:23;1511:54
282,v,12,18,12,18,910.4847033537474,12;3;4;5;6;8;7;18,0001:00;0004:42;0043:53;0044:36;1440:00;1509:23;1511:06;1511:29
289,v,13,1,13,1,7.587403941374064,13;12;3;1,0001:00;0004:17;0008:00;0008:35
290,v,13,2,13,2,8.2,13;12;3;1;2,0001:00;0004:17;0008:00;0008:35;0009:11
291,v,13,3,13,3,6.980484969849326,13;12;3,0001:00;0004:17;0007:58
292,v,13,4,13,4,46.1685697527963,13;12;3;4,0001:00;0004:17;0008:00;0047:10
293,v,13,5,13,5,46.88599935506008,13;12;3;4;5,0001:00;0004:17;0008:00;0047:12;0047:53
294,v,13,6,13,6,882.1853960105703,13;12;3;4;5;6,0001:00;0004:17;0008:00;0047:12;0047:53;1443:11
295,v,13,7,13,7,913.2714591122642,13;12;3;4;5;6;8;7,0001:00;0004:17;0008:00;0047:12;0047:53;1443:12;1512:36;1514:16
296,v,13,8,13,8,911.5591380369885,13;12;3;4;5;6;8,0001:00;0004:17;0008:00;0047:12;0047:53;1443:12;1512:33
297,v,13,9,13,9,136.10742424627574,13;12;11;10;9,0001:00;0004:17;0018:36;0215:48;0217:06
298,v,13,10,13,10,134.7886,13;12;11;10,0001:00;0004:17;0018:36;0215:47
299,v,13,11,13,11,17.516426581470164,13;12;11,0001:00;0004:17;0018:30
300,v,13,12,13,12,3.250349092122618,13;12,0001:00;0004:15
303,v,13,15,13,15,981.0505125447319,13;12;11;10;15,0001:00;0004:17;0018:36;0215:48;1622:03
304,v,13,16,13,16,914.2108302591311,13;12;3;4;5;6;8;7;18;16,0001:00;0004:17;0008:00;0047:12;0047:53;1443:12;1512:36;1514:17;1514:42;1515:12
306,v,13,18,13,18,913.7847033537473,13;12;3;4;5;6;8;7;18,0001:00;0004:17;0008:00;0047:12;0047:53;1443:17;1512:42;1514:23;1514:47
313,v,14,1,14,1,145.98740394137405,14;11;10;9;5;4;3;1,0001:00;0017:48;0215:00;0216:24;0224:11;0224:30;0226:24;0226:59
314,v,14,2,14,2,146.6,14;11;10;9;5;4;3;1;2,0001:00;0017:48;0215:00;0216:24;0224:11;0224:30;0226:24;0227:00;0227:35
315,v,14,3,14,3,145.3880430504724,14;11;10;9;5;4;3,0001:00;0017:48;0215:00;0216:24;0224:11;0224:30;0226:23
316,v,14,4,14,4,143.40037499950236,14;11;10;9;5;4,0001:00;0017:48;0215:00;0216:24;0224:11;0224:24
317,v,14,5,14,5,143.2930375,14;11;10;9;5,0001:00;0017:53;0215:05;0216:30;0224:17
318,v,14,6,14,6,232.45913803698866,14;15;19;17;16;18;7;8;6,0001:00;0208:35;0251:18;0303:11;0303:30;0304:18;0304:48;0324:05;0353:27
319,v,14,7,14,7,183.73718311330154,14;15;19;17;16;18;7,0001:00;0208:35;0251:18;0303:11;0303:30;0304:18;0304:44
320,v,14,8,14,8,203.07255315703833,14;15;19;17;16;18;7;8,0001:00;0208:35;0251:18;0303:11;0303:30;0304:18;0304:48;0324:04
321,v,14,9,14,9,135.40742424627575,14;11;10;9,0001:00;0017:53;0215:05;0216:24
322,v,14,10,14,10,134.0886,14;11;10,0001:00;0017:53;0215:05
323,v,14,11,14,11,16.7038612310639,14;11,0001:00;0017:42
324,v,14,12,14,12,169.98915088925335,14;11;10;9;5;4;3;12,0001:00;0018:00;0215:11;0216:35;0224:24;0224:41;0226:35;0250:59
325,v,14,13,14,13,485.22803118193735,14;11;10;9;5;4;3;12;13,0001:00;0018:00;0215:11;0216:35;0224:24;0224:41;0226:35;0251:00;0806:13
327,v,14,15,14,15,127.5864694468958,14;15,0001:00;0208:35
328,v,14,16,14,16,182.42053135802087,14;15;19;17;16,0001:00;0208:35;0251:18;0303:11;0303:25
329,v,14,17,14,17,182.23086659049886,14;15;19;17,0001:00;0208:41;0251:24;0303:13
330,v,14,18,14,18,183.37829658041974,14;15;19;17;16;18,0001:00;0208:41;0251:24;0303:18;0303:35;0304:22
331,v,14,19,14,19,170.3244982619718,14;15;19,0001:00;0208:41;0251:19
332,v,14,20,14,20,857.6890834882336,14;23;22;21;20,0001:00;1246:06;1318:36;1324:06;1418:41
333,v,14,21,14,21,803.0560276533405,14;23;22;21,0001:00;1246:06;1318:36;1324:03
334,v,14,22,14,22,797.572064,14;23;22,0001:00;1246:06;1318:34
335,v,14,23,14,23,765.0518531261124,14;23,0001:00;1246:03
336,v,14,24,14,24,813.3362967138697,14;23;24,0001:00;1246:12;1334:20
337,v,15,1,15,1,22.587403941374063,15;10;9;5;4;3;1,0001:00;0011:35;0013:00;0020:48;0021:06;0023:00;0023:35
338,v,15,2,15,2,23.2,15;10;9;5;4;3;1;2,0001:00;0011:35;0013:00;0020:48;0021:06;0023:00;0023:36;0024:11
339,v,15,3,15,3,21.9880430504724,15;10;9;5;4;3,0001:00;0011:35;0013:00;0020:48;0021:06;0022:59
340,v,15,4,15,4,20.000374999502363,15;10;9;5;4,0001:00;0011:35;0013:00;0020:48;0021:00
341,v,15,5,15,5,19.793037500000004,15;10;9;5,0001:00;0011:35;0013:00;0020:47
342,v,15,6,15,6,104.85913803698865,15;19;17;16;18;7;8;6,0001:00;0043:42;0055:36;0055:53;0056:42;0057:12;0116:30;0145:51
343,v,15,7,15,7,56.13718311330155,15;19;17;16;18;7,0001:00;0043:42;0055:36;0055:53;0056:42;0057:08
344,v,15,8,15,8,75.47255315703833,15;19;17;16;18;7;8,0001:00;0043:42;0055:36;0055:53;0056:42;0057:12;0116:28
345,v,15,9,15,9,11.907424246275752,15;10;9,0001:00;0011:35;0012:54
346,v,15,10,15,10,10.557431763292008,15;10,0001:00;0011:33
347,v,15,11,15,11,60.61642658147016,15;10;9;5;4;3;12;11,0001:00;0011:35;0013:00;0020:48;0021:06;0023:00;0047:23;0101:36
348,v,15,12,15,12,46.389150889253344,15;10;9;5;4;3;12,0001:00;0011:35;0013:00;0020:48;0021:06;0023:00;0047:23
349,v,15,13,15,13,361.62803118193733,15;10;9;5;4;3;12;13,0001:00;0011:35;0013:00;0020:48;0021:06;0023:00;0047:23;0602:37
350,v,15,14,15,14,501.5203510265123,15;14,0001:00;0822:31
352,v,15,16,15,16,54.820531358020865,15;19;17;16,0001:00;0043:42;0055:36;0055:49
353,v,15,17,15,17,54.53086659049886,15;19;17,0001:00;0043:42;0055:31
354,v,15,18,15,18,55.778296580419756,15;19;17;16;18,0001:00;0043:42;0055:42;0056:00;0056:46
355,v,15,19,15,19,42.6244982619718,15;19,0001:00;0043:37
361,v,16,1,16,1,54.187403941374065,16;18;7;8;6;5;4;3;1,0001:00;0001:48;0002:17;0021:36;0051:00;0052:23;0052:42;0054:36;0055:11
362,v,16,2,16,2,54.8,16;18;7;8;6;5;4;3;1;2,0001:00;0001:48;0002:17;0021:36;0051:00;0052:23;0052:42;0054:36;0055:12;0055:47
363,v,16,3,16,3,53.5880430504724,16;18;7;8;6;5;4;3,0001:00;0001:48;0002:17;0021:36;0051:00;0052:23;0052:42;0054:35
364,v,16,4,16,4,51.60037499950237,16;18;7;8;6;5;4,0001:00;0001:48;0002:17;0021:36;0051:00;0052:23;0052:36
365,v,16,5,16,5,51.4613568783146,16;18;7;8;6;5,0001:00;0001:48;0002:17;0021:36;0051:06;0052:27
366,v,16,6,16,6,49.95913803698865,16;18;7;8;6,0001:00;0001:48;0002:17;0021:36;0050:57
367,v,16,7,16,7,1.2371831133015505,16;18;7,0001:00;0001:48;0002:14
368,v,16,8,16,8,20.572553157038325,16;18;7;8,0001:00;0001:48;0002:17;0021:34
369,v,16,9,16,9,161.60742424627577,16;17;19;15;10;9,0001:00;0201:35;0227:48;0230:41;0241:18;0242:36
370,v,16,10,16,10,160.25743176329203,16;17;19;15;10,0001:00;0201:35;0227:48;0230:41;0241:15
371,v,16,11,16,11,92.31642658147015,16;18;7;8;6;5;4;3;12;11,0001:00;0001:48;0002:17;0021:41;0051:06;0052:30;0052:47;0054:42;0119:05;0133:18
372,v,16,12,16,12,78.08915088925336,16;18;7;8;6;5;4;3;12,0001:00;0001:48;0002:17;0021:41;0051:06;0052:30;0052:47;0054:42;0119:05
373,v,16,13,16,13,393.42803118193734,16;18;7;8;6;5;4;3;12;13,0001:00;0001:48;0002:17;0021:41;0051:12;0052:36;0052:53;0054:47;0119:12;0634:25
374,v,16,14,16,14,651.2203510265123,16;17;19;15;14,0001:00;0201:35;0227:48;0230:41;1052:13
375,v,16,15,16,15,149.65865277994104,16;17;19;15,0001:00;0201:35;0227:48;0230:39
377,v,16,17,16,17,120.55105128927765,16;17,0001:00;0201:33
378,v,16,18,16,18,0.7782965804197456,16;18,0001:00;0001:46
379,v,16,19,16,19,146.8545065922106,16;17;19,0001:00;0201:42;0227:51
385,v,17,1,17,1,51.687403941374065,17;19;15;10;9;5;4;3;1,0001:00;0027:11;0030:06;0040:42;0042:06;0049:53;0050:12;0052:06;0052:41
386,v,17,2,17,2,52.3,17;19;15;10;9;5;4;3;1;2,0001:00;0027:11;0030:06;0040:42;0042:06;0049:53;0050:12;0052:06;0052:42;0053:17
387,v,17,3,17,3,51.0880430504724,17;19;15;10;9;5;4;3,0001:00;0027:11;0030:06;0040:42;0042:06;0049:53;0050:12;0052:05
388,v,17,4,17,4,49.100374999502364,17;19;15;10;9;5;4,0001:00;0027:11;0030:06;0040:42;0042:06;0049:53;0050:06
389,v,17,5,17,5,48.99303750000001,17;19;15;10;9;5,0001:00;0027:18;0030:11;0040:47;0042:12;0049:59
390,v,17,6,17,6,50.25913803698866,17;16;18;7;8;6,0001:00;0001:18;0002:06;0002:36;0021:53;0051:15
391,v,17,7,17,7,1.5371831133015506,17;16;18;7,0001:00;0001:18;0002:06;0002:32
392,v,17,8,17,8,20.872553157038325,17;16;18;7;8,0001:00;0001:18;0002:06;0002:36;0021:52
393,v,17,9,17,9,41.107424246275755,17;19;15;10;9,0001:00;0027:18;0030:11;0040:47;0042:06
394,v,17,10,17,10,39.757431763292,17;19;15;10,0001:00;0027:18;0030:11;0040:45
395,v,17,11,17,11,89.81642658147015,17;19;15;10;9;5;4;3;12;11,0001:00;0027:18;0030:11;0040:47;0042:12;0050:00;0050:17;0052:12;0116:35;0130:48
396,v,17,12,17,12,75.68915088925336,17;19;15;10;9;5;4;3;12,0001:00;0027:23;0030:18;0040:53;0042:17;0050:06;0050:23;0052:17;0116:41
397,v,17,13,17,13,390.92803118193734,17;19;15;10;9;5;4;3;12;13,0001:00;0027:23;0030:18;0040:53;0042:17;0050:06;0050:23;0052:17;0116:42;0631:55
398,v,17,14,17,14,530.8203510265123,17;19;15;14,0001:00;0027:23;0030:18;0851:49
399,v,17,15,17,15,29.258652779941052,17;19;15,0001:00;0027:23;0030:15
400,v,17,16,17,16,0.22053135802086138,17;16,0001:00;0001:13
402,v,17,18,17,18,1.0782965804197455,17;16;18,0001:00;0001:18;0002:04
403,v,17,19,17,19,26.154506592210613,17;19,0001:00;0027:09
409,v,18,1,18,1,53.38740394137406,18;7;8;6;5;4;3;1,0001:00;0001:30;0020:48;0050:12;0051:36;0051:53;0053:47;0054:23
410,v,18,2,18,2,54.0,18;7;8;6;5;4;3;1;2,0001:00;0001:30;0020:48;0050:12;0051:36;0051:53;0053:47;0054:23;0055:00
411,v,18,3,18,3,52.7880430504724,18;7;8;6;5;4;3,0001:00;0001:30;0020:48;0050:12;0051:36;0051:53;0053:47
412,v,18,4,18,4,50.800374999502374,18;7;8;6;5;4,0001:00;0001:30;0020:48;0050:12;0051:36;0051:48
413,v,18,5,18,5,50.66135687831459,18;7;8;6;5,0001:00;0001:30;0020:48;0050:17;0051:39
414,v,18,6,18,6,49.15913803698865,18;7;8;6,0001:00;0001:30;0020:48;0050:09
415,v,18,7,18,7,0.43718311330155046,18;7,0001:00;0001:26
416,v,18,8,18,8,19.772553157038324,18;7;8,0001:00;0001:30;0020:46
417,v,18,9,18,9,162.20742424627576,18;16;17;19;15;10;9,0001:00;0001:36;0202:12;0228:24;0231:18;0241:54;0243:12
418,v,18,10,18,10,160.85743176329203,18;16;17;19;15;10,0001:00;0001:36;0202:12;0228:24;0231:18;0241:51
419,v,18,11,18,11,91.51642658147016,18;7;8;6;5;4;3;12;11,0001:00;0001:30;0020:53;0050:17;0051:42;0052:00;0053:53;0118:17;0132:30
420,v,18,12,18,12,77.28915088925335,18;7;8;6;5;4;3;12,0001:00;0001:30;0020:53;0050:17;0051:42;0052:00;0053:53;0118:17
421,v,18,13,18,13,392.62803118193733,18;7;8;6;5;4;3;12;13,0001:00;0001:30;0020:53;0050:23;0051:47;0052:06;0054:00;0118:24;0633:37
422,v,18,14,18,14,651.8203510265123,18;16;17;19;15;14,0001:00;0001:36;0202:12;0228:24;0231:18;1052:49
423,v,18,15,18,15,150.25865277994106,18;16;17;19;15,0001:00;0001:36;0202:12;0228:24;0231:15
424,v,18,16,18,16,0.5108302591309439,18;16,0001:00;0001:30
425,v,18,17,18,17,121.15105128927765,18;16;17,0001:00;0001:36;0202:09
427,v,18,19,18,19,147.4545065922106,18;16;17;19,0001:00;0001:36;0202:17;0228:27
433,v,19,1,19,1,25.487403941374065,19;15;10;9;5;4;3;1,0001:00;0003:53;0014:30;0015:54;0023:41;0024:00;0025:53;0026:29
434,v,19,2,19,2,26.1,19;15;10;9;5;4;3;1;2,0001:00;0003:53;0014:30;0015:54;0023:41;0024:00;0025:53;0026:30;0027:06
435,v,19,3,19,3,24.8880430504724,19;15;10;9;5;4;3,0001:00;0003:53;0014:30;0015:54;0023:41;0024:00;0025:53
436,v,19,4,19,4,22.900374999502365,19;15;10;9;5;4,0001:00;0003:53;0014:30;0015:54;0023:41;0023:54
437,v,19,5,19,5,22.693037500000003,19;15;10;9;5,0001:00;0003:53;0014:30;0015:54;0023:41
438,v,19,6,19,6,62.15913803698866,19;17;16;18;7;8;6,0001:00;0012:54;0013:11;0014:00;0014:30;0033:47;0103:09
439,v,19,7,19,7,13.437183113301552,19;17;16;18;7,0001:00;0012:54;0013:11;0014:00;0014:26
440,v,19,8,19,8,32.77255315703833,19;17;16;18;7;8,0001:00;0012:54;0013:11;0014:00;0014:30;0033:46
441,v,19,9,19,9,14.807424246275753,19;15;10;9,0001:00;0003:53;0014:30;0015:48
442,v,19,10,19,10,13.457431763292009,19;15;10,0001:00;0003:53;0014:27
443,v,19,11,19,11,63.51642658147016,19;15;10;9;5;4;3;12;11,0001:00;0003:53;0014:30;0015:54;0023:41;0024:00;0025:53;0050:17;0104:30
444,v,19,12,19,12,49.28915088925335,19;15;10;9;5;4;3;12,0001:00;0003:53;0014:30;0015:54;0023:41;0024:00;0025:53;0050:17
445,v,19,13,19,13,364.5280311819373,19;15;10;9;5;4;3;12;13,0001:00;0003:53;0014:30;0015:54;0023:41;0024:00;0025:53;0050:17;0605:31
446,v,19,14,19,14,504.4203510265123,19;15;14,0001:00;0003:53;0825:25
447,v,19,15,19,15,2.8586527799410533,19;15,0001:00;0003:51
448,v,19,16,19,16,12.12053135802086,19;17;16,0001:00;0012:54;0013:07
449,v,19,17,19,17,11.830866590498863,19;17,0001:00;0012:49
450,v,19,18,19,18,13.078296580419744,19;17;16;18,0001:00;0013:00;0013:18;0014:04
457,v,20,1,20,1,29.787403941374066,20;19;15;10;9;5;4;3;1,0001:00;0005:17;0008:11;0018:48;0020:11;0028:00;0028:18;0030:11;0030:47
458,v,20,2,20,2,30.4,20;19;15;10;9;5;4;3;1;2,0001:00;0005:17;0008:11;0018:48;0020:11;0028:00;0028:18;0030:11;0030:48;0031:23
459,v,20,3,20,3,29.1880430504724,20;19;15;10;9;5;4;3,0001:00;0005:17;0008:11;0018:48;0020:11;0028:00;0028:18;0030:11
460,v,20,4,20,4,27.200374999502362,20;19;15;10;9;5;4,0001:00;0005:17;0008:11;0018:48;0020:11;0028:00;0028:12
461,v,20,5,20,5,26.993037500000003,20;19;15;10;9;5,0001:00;0005:17;0008:11;0018:48;0020:11;0027:59
462,v,20,6,20,6,50.05913803698865,20;18;7;8;6,0001:00;0001:48;0002:17;0021:41;0051:03
463,v,20,7,20,7,1.2371831133015505,20;18;7,0001:00;0001:48;0002:14
464,v,20,8,20,8,20.572553157038325,20;18;7;8,0001:00;0001:48;0002:17;0021:34
465,v,20,9,20,9,19.207424246275753,20;19;15;10;9,0001:00;0005:24;0008:18;0018:53;0020:12
466,v,20,10,20,10,17.85743176329201,20;19;15;10,0001:00;0005:24;0008:18;0018:51
467,v,20,11,20,11,67.91642658147016,20;19;15;10;9;5;4;3;12;11,0001:00;0005:24;0008:18;0018:53;0020:18;0028:06;0028:23;0030:18;0054:42;0108:54
468,v,20,12,20,12,53.68915088925335,20;19;15;10;9;5;4;3;12,0001:00;0005:24;0008:18;0018:53;0020:18;0028:06;0028:23;0030:18;0054:41
469,v,20,13,20,13,346.10865276993695,20;22;23;24;13,0001:00;0038:36;0435:06;0523:18;0547:06
470,v,20,14,20,14,275.47960052490464,20;22;23;14,0001:00;0038:36;0435:06;0436:28
471,v,20,15,20,15,7.258652779941054,20;19;15,0001:00;0005:24;0008:15
472,v,20,16,20,16,1.310830259130944,20;18;16,0001:00;0001:48;0002:18
473,v,20,17,20,17,16.330866590498864,20;19;17,0001:00;0005:30;0017:19
474,v,20,18,20,18,0.7124985682298167,20;18,0001:00;0001:42
475,v,20,19,20,19,4.2320231725711235,20;19,0001:00;0005:13
477,v,20,21,20,21,2.577963095935799,20;21,0001:00;0003:34
478,v,20,22,20,22,37.527758094627494,20;22,0001:00;0038:31
479,v,20,23,20,23,274.0279039999999,20;22;23,0001:00;0038:36;0435:01
480,v,20,24,20,24,322.23629671386965,20;22;23;24,0001:00;0038:36;0435:06;0523:14
481,v,21,1,21,1,84.38740394137406,21;20;19;15;10;9;5;4;3;1,0001:00;0055:36;0059:53;0102:47;0113:24;0114:47;0122:35;0122:54;0124:47;0125:23
482,v,21,2,21,2,85.0,21;20;19;15;10;9;5;4;3;1;2,0001:00;0055:36;0059:53;0102:47;0113:24;0114:47;0122:35;0122:54;0124:47;0125:24;0126:00
483,v,21,3,21,3,83.7880430504724,21;20;19;15;10;9;5;4;3,0001:00;0055:36;0059:53;0102:47;0113:24;0114:47;0122:35;0122:54;0124:47
484,v,21,4,21,4,81.80037499950237,21;20;19;15;10;9;5;4,0001:00;0055:36;0059:53;0102:47;0113:24;0114:47;0122:35;0122:48
485,v,21,5,21,5,81.59303750000001,21;20;19;15;10;9;5,0001:00;0055:36;0059:53;0102:47;0113:24;0114:47;0122:35
486,v,21,6,21,6,104.65913803698865,21;20;18;7;8;6,0001:00;0055:42;0056:30;0057:00;0116:17;0145:39
487,v,21,7,21,7,55.93718311330155,21;20;18;7,0001:00;0055:42;0056:30;0056:56
488,v,21,8,21,8,75.27255315703833,21;20;18;7;8,0001:00;0055:42;0056:30;0057:00;0116:16
489,v,21,9,21,9,73.80742424627576,21;20;19;15;10;9,0001:00;0055:42;0100:00;0102:53;0113:30;0114:48
490,v,21,10,21,10,72.457431763292,21;20;19;15;10,0001:00;0055:42;0100:00;0102:53;0113:27
491,v,21,11,21,11,122.61642658147017,21;20;19;15;10;9;5;4;3;12;11,0001:00;0055:47;0100:06;0103:00;0113:35;0115:00;0122:47;0123:05;0125:00;0149:24;0203:36
492,v,21,12,21,12,108.38915088925336,21;20;19;15;10;9;5;4;3;12,0001:00;0055:47;0100:06;0103:00;0113:35;0115:00;0122:47;0123:05;0125:00;0149:23
493,v,21,13,21,13,400.90865276993696,21;20;22;23;24;13,0001:00;0055:47;0133:24;0529:53;0618:06;0641:54
494,v,21,14,21,14,330.27960052490465,21;20;22;23;14,0001:00;0055:47;0133:24;0529:53;0531:16
495,v,21,15,21,15,61.958652779941055,21;20;19;15,0001:00;0055:47;0100:06;0102:57
496,v,21,16,21,16,56.210830259130944,21;20;18;16,0001:00;0055:53;0056:42;0057:12
497,v,21,17,21,17,71.03086659049886,21;20;19;17,0001:00;0055:53;0100:12;0112:01
498,v,21,18,21,18,55.61249856822982,21;20;18,0001:00;0055:53;0056:36
499,v,21,19,21,19,59.132023172571124,21;20;19,0001:00;0055:53;0100:07
500,v,21,20,21,20,54.589083488233456,21;20,0001:00;0055:35
502,v,21,22,21,22,92.52775809462749,21;20;22,0001:00;0056:00;0133:31
503,v,21,23,21,23,329.0279039999999,21;20;22;23,0001:00;0056:00;0133:35;0530:01
504,v,21,24,21,24,377.23629671386965,21;20;22;23;24,0001:00;0056:00;0133:35;0530:06;0618:14
505,v,22,1,22,1,24.087403941374063,22;15;10;9;5;4;3;1,0001:00;0002:30;0013:05;0014:30;0022:18;0022:36;0024:30;0025:05
506,v,22,2,22,2,24.7,22;15;10;9;5;4;3;1;2,0001:00;0002:30;0013:05;0014:30;0022:18;0022:36;0024:30;0025:06;0025:41
507,v,22,3,22,3,23.4880430504724,22;15;10;9;5;4;3,0001:00;0002:30;0013:05;0014:30;0022:18;0022:36;0024:29
508,v,22,4,22,4,21.500374999502363,22;15;10;9;5;4,0001:00;0002:30;0013:05;0014:30;0022:18;0022:30
509,v,22,5,22,5,21.293037500000004,22;15;10;9;5,0001:00;0002:30;0013:05;0014:30;0022:17
510,v,22,6,22,6,106.35913803698865,22;15;19;17;16;18;7;8;6,0001:00;0002:30;0045:12;0057:06;0057:23;0058:12;0058:42;0118:00;0147:21
511,v,22,7,22,7,57.63718311330155,22;15;19;17;16;18;7,0001:00;0002:30;0045:12;0057:06;0057:23;0058:12;0058:38
512,v,22,8,22,8,76.97255315703833,22;15;19;17;16;18;7;8,0001:00;0002:30;0045:12;0057:06;0057:23;0058:12;0058:42;0117:58
513,v,22,9,22,9,13.407424246275752,22;15;10;9,0001:00;0002:30;0013:05;0014:24
514,v,22,10,22,10,12.057431763292008,22;15;10,0001:00;0002:30;0013:03
515,v,22,11,22,11,62.21642658147016,22;15;10;9;5;4;3;12;11,0001:00;0002:36;0013:11;0014:35;0022:23;0022:41;0024:36;0049:00;0103:12
516,v,22,12,22,12,47.989150889253345,22;15;10;9;5;4;3;12,0001:00;0002:36;0013:11;0014:35;0022:23;0022:41;0024:36;0048:59
517,v,22,13,22,13,308.50865276993693,22;23;24;13,0001:00;0357:30;0445:41;0509:30
518,v,22,14,22,14,237.87960052490462,22;23;14,0001:00;0357:30;0358:52
519,v,22,15,22,15,1.4732461733911528,22;15,0001:00;0002:28
520,v,22,16,22,16,56.42053135802087,22;15;19;17;16,0001:00;0002:36;0045:17;0057:12;0057:25
521,v,22,17,22,17,56.13086659049886,22;15;19;17,0001:00;0002:36;0045:17;0057:07
522,v,22,18,22,18,57.278296580419756,22;15;19;17;16;18,0001:00;0002:36;0045:17;0057:12;0057:30;0058:16
523,v,22,19,22,19,44.2244982619718,22;15;19,0001:00;0002:36;0045:13
524,v,22,20,22,20,60.089083488233456,22;21;20,0001:00;0006:30;0101:05
525,v,22,21,22,21,5.456027653340508,22;21,0001:00;0006:27
527,v,22,23,22,23,236.42790399999996,22;23,0001:00;0357:25
528,v,22,24,22,24,284.6362967138696,22;23;24,0001:00;0357:30;0445:38
529,v,23,1,23,1,56.58740394137406,23;22;15;10;9;5;4;3;1,0001:00;0033:30;0035:00;0045:36;0047:00;0054:47;0055:06;0057:00;0057:35
530,v,23,2,23,2,57.2,23;22;15;10;9;5;4;3;1;2,0001:00;0033:30;0035:00;0045:36;0047:00;0054:47;0055:06;0057:00;0057:36;0058:12
531,v,23,3,23,3,55.9880430504724,23;22;15;10;9;5;4;3,0001:00;0033:30;0035:00;0045:36;0047:00;0054:47;0055:06;0056:59
532,v,23,4,23,4,54.00037499950237,23;22;15;10;9;5;4,0001:00;0033:30;0035:00;0045:36;0047:00;0054:47;0055:00
533,v,23,5,23,5,53.793037500000004,23;22;15;10;9;5,0001:00;0033:30;0035:00;0045:36;0047:00;0054:47
534,v,23,6,23,6,138.95913803698866,23;22;15;19;17;16;18;7;8;6,0001:00;0033:36;0035:06;0117:47;0129:42;0130:00;0130:47;0131:17;0150:35;0219:57
535,v,23,7,23,7,90.23718311330155,23;22;15;19;17;16;18;7,0001:00;0033:36;0035:06;0117:47;0129:42;0130:00;0130:47;0131:14
536,v,23,8,23,8,109.57255315703833,23;22;15;19;17;16;18;7;8,0001:00;0033:36;0035:06;0117:47;0129:42;0130:00;0130:47;0131:17;0150:34
537,v,23,9,23,9,46.007424246275754,23;22;15;10;9,0001:00;0033:36;0035:06;0045:42;0047:00
538,v,23,10,23,10,44.657431763292,23;22;15;10,0001:00;0033:36;0035:06;0045:39
539,v,23,11,23,11,18.1038612310639,23;14;11,0001:00;0002:23;0019:06
540,v,23,12,23,12,75.35034909212261,23;24;13;12,0001:00;0049:12;0113:05;0116:21
541,v,23,13,23,13,72.00865276993696,23;24;13,0001:00;0049:12;0113:00
542,v,23,14,23,14,1.3796005249046346,23;14,0001:00;0002:22
543,v,23,15,23,15,34.17324617339115,23;22;15,0001:00;0033:42;0035:10
544,v,23,16,23,16,89.02053135802086,23;22;15;19;17;16,0001:00;0033:42;0035:12;0117:54;0129:47;0130:01
545,v,23,17,23,17,88.73086659049886,23;22;15;19;17,0001:00;0033:42;0035:12;0117:54;0129:43
546,v,23,18,23,18,89.87829658041976,23;22;15;19;17;16;18,0001:00;0033:42;0035:12;0117:54;0129:47;0130:05;0130:52
547,v,23,19,23,19,76.8244982619718,23;22;15;19,0001:00;0033:42;0035:12;0117:49
548,v,23,20,23,20,92.88908348823345,23;22;21;20,0001:00;0033:47;0039:17;0133:53
549,v,23,21,23,21,38.2560276533405,23;22;21,0001:00;0033:47;0039:15
550,v,23,22,23,22,32.472063999999996,23;22,0001:00;0033:28
552,v,23,24,23,24,48.13629671386966,23;24,0001:00;0049:08
553,v,24,1,24,1,31.487403941374065,24;13;12;3;1,0001:00;0024:53;0028:11;0031:53;0032:29
554,v,24,2,24,2,32.1,24;13;12;3;1;2,0001:00;0024:53;0028:11;0031:53;0032:30;0033:06
555,v,24,3,24,3,30.880484969849327,24;13;12;3,0001:00;0024:53;0028:11;0031:52
556,v,24,4,24,4,54.800374999502374,24;23;22;15;10;9;5;4,0001:00;0001:48;0034:17;0035:47;0046:23;0047:47;0055:36;0055:48
557,v,24,5,24,5,54.59303750000001,24;23;22;15;10;9;5,0001:00;0001:48;0034:17;0035:47;0046:23;0047:47;0055:35
558,v,24,6,24,6,106.45913803698865,24;21;20;18;7;8;6,0001:00;0002:53;0057:30;0058:17;0058:47;0118:05;0147:27
559,v,24,7,24,7,57.73718311330155,24;21;20;18;7,0001:00;0002:53;0057:30;0058:17;0058:44
560,v,24,8,24,8,77.07255315703833,24;21;20;18;7;8,0001:00;0002:53;0057:30;0058:17;0058:47;0118:04
561,v,24,9,24,9,46.70742424627576,24;23;22;15;10;9,0001:00;0001:48;0034:17;0035:47;0046:23;0047:42
562,v,24,10,24,10,45.357431763292,24;23;22;15;10,0001:00;0001:48;0034:17;0035:47;0046:21
563,v,24,11,24,11,18.9038612310639,24;23;14;11,0001:00;0001:48;0003:12;0019:54
564,v,24,12,24,12,27.150349092122617,24;13;12,0001:00;0024:53;0028:09
565,v,24,13,24,13,23.808652769936952,24;13,0001:00;0024:48
566,v,24,14,24,14,2.2796005249046347,24;23;14,0001:00;0001:53;0003:16
567,v,24,15,24,15,34.87324617339115,24;23;22;15,0001:00;0001:53;0034:23;0035:52
568,v,24,16,24,16,57.810830259130945,24;21;20;18;16,0001:00;0002:53;0057:30;0058:17;0058:48
569,v,24,17,24,17,72.73086659049886,24;21;20;19;17,0001:00;0003:00;0057:36;0101:53;0113:43
570,v,24,18,24,18,57.31249856822981,24;21;20;18,0001:00;0003:00;0057:36;0058:18
571,v,24,19,24,19,60.83202317257112,24;21;20;19,0001:00;0003:00;0057:36;0101:49
572,v,24,20,24,20,56.589083488233456,24;21;20,0001:00;0003:00;0057:35
573,v,24,21,24,21,1.8549029731029976,24;21,0001:00;0002:51
574,v,24,22,24,22,33.372063999999995,24;23;22,0001:00;0001:53;0034:22
575,v,24,23,24,23,0.7918061322699959,24;23,0001:00;0001:47
